CityID,Independent Nation States w.r.t UN,City / Capital City,PosX,PosY,Latitude (N+/S-),Longitude (E+/W-),Corrected,Changed fields
0,-,Hong Kong,11411,2240,22.39643,114.1095,No,
1,Afghanistan,Kabul,6921,3456,34.55535,69.20749,No,
2,Albania,Tirana,1982,4133,41.32755,19.8187,No,
3,Algeria,Algiers,306,3675,36.75377,3.05876,No,
4,Andorra,Andorra la Vella,152,4251,42.50632,1.52184,No,
5,Angola,Luanda,1323,-881,-8.81466,13.23018,No,
6,Antigua and Barbuda,Saint John's,-6185,1713,17.12526,-61.84723,No,
7,Argentina,Buenos Aires,-5838,-3460,-34.60368,-58.38156,No,
8,Armenia,Yerevan,4450,4018,40.17919,44.4991,No,
9,Australia,Canberra,14913,-3528,-35.28094,149.13001,No,
10,Austria,Vienna,1637,4821,48.20817,16.37382,No,
11,Azerbaijan,Baku,4987,4041,40.40926,49.86709,No,
12,Bahamas,Nassau,-7736,2505,25.04798,-77.35541,No,
13,Bahrain,Manama,5059,2623,26.22852,50.58605,No,
14,Bangladesh,Dhaka,9041,2381,23.81033,90.41252,No,
15,Barbados,Bridgetown,-5961,1310,13.09685,-59.61448,No,
16,Belarus,Minsk,2756,5390,53.90454,27.56152,No,
17,Belgium,Brussels,435,5085,50.85035,4.35172,No,
18,Belize,Belmopan,-8876,1725,17.25101,-88.75902,No,
19,Benin,Porto-Novo,263,650,6.49686,2.62885,No,
20,Bhutan,Thimphu,8964,2747,27.47279,89.63929,No,
21,Bolivia,Sucre,-6359,-1629,-16.29015,-63.58865,No,
22,Bosnia and Herzegovina,Sarajevo,1841,4386,43.85626,18.41308,No,
23,Botswana,Gaborone,2592,-2463,-24.62821,25.92315,No,
24,Brazil,Brasília,-4792,-1583,-15.82669,-47.92182,No,
25,Brunei Darussalam,Bandar Seri Begawan,11494,490,4.90305,114.93982,No,
26,Bulgaria,Sofia,2332,4270,42.69771,23.32187,No,
27,Burkina Faso,Ouagadougou,-152,1237,12.37143,-1.51966,No,
28,Burundi,Gitega,2993,-343,-3.4285,29.9256,Yes,"city, lat, lon, x, y"
29,Cambodia,Phnom Penh,10493,1156,11.55637,104.92821,No,
30,Cameroon,Yaoundé,1150,385,3.84803,11.50208,No,
31,Canada,Ottawa,-7570,4542,45.42153,-75.69719,No,
32,Cape Verde,Praia,-2351,1493,14.93305,-23.51333,No,
33,Central African Republic,Bangui,1856,439,4.39467,18.55819,No,
34,Chad,N'Djamena,1506,1222,12.22467,15.05711,No,
35,Chile,Santiago,-7067,-3345,-33.44889,-70.66927,No,
36,China,Beijing,11641,3990,39.9042,116.4074,No,
37,Colombia,Bogotá,-7407,471,4.71099,-74.07209,No,
38,Comoros,Moroni,4325,-1172,-11.71722,43.24731,No,
39,Congo (Republic of the),Brazzaville,1524,-426,-4.2634,15.2429,Yes,"city, lat, lon, x, y"
40,Costa Rica,San José,-8409,993,9.92807,-84.09072,No,
41,Côte d’Ivoire,Yamoussoukro,-555,754,7.53999,-5.54708,No,
42,Croatia,Zagreb,1598,4582,45.81501,15.98192,No,
43,Cuba,Havana,-8237,2311,23.11359,-82.3666,No,
44,Cyprus,Nicosia,3338,3519,35.18557,33.38228,No,
45,Czech Republic,Prague,1444,5008,50.07554,14.4378,No,
46,Democratic People's Republic of Korea,Pyongyang,12576,3904,39.03922,125.76252,No,
47,Democratic Republic of the Congo,Kinshasa,1531,-433,-4.3276,15.3136,Yes,"city, lat, lon, x, y"
48,Denmark,Copenhagen,1257,5568,55.6761,12.56834,No,
49,Djibouti,Djibouti,4259,1183,11.82514,42.59028,No,
50,Dominica,Roseau,-6138,1531,15.30917,-61.37936,No,
51,Dominican Republic,Santo Domingo,-6993,1849,18.48606,-69.93121,No,
52,Ecuador,Quito,-7847,-18,-0.18065,-78.46784,No,
53,Egypt,Cairo,3124,3004,30.04442,31.23571,No,
54,El Salvador,San Salvador,-8922,1369,13.69294,-89.21819,No,
55,Equatorial Guinea,Malabo,878,375,3.75496,8.78213,No,
56,Eritrea,Asmara,3893,1532,15.32288,38.92505,No,
57,Estonia,Tallinn,2475,5944,59.43696,24.75357,No,
58,Ethiopia,Addis Ababa,3876,898,8.9806,38.75776,No,
59,Fiji,Suva,17845,-1812,-18.12481,178.45008,No,
60,Finland,Helsinki,2494,6017,60.16986,24.93838,No,
61,France,Paris,235,4886,48.85661,2.35222,No,
62,Gabon,Libreville,947,42,0.4162,9.46727,No,
63,Gambia,Banjul,-1658,1345,13.45488,-16.57903,No,
64,Georgia,Tbilisi,4483,4172,41.71514,44.8271,No,
65,Germany,Berlin,1340,5252,52.52001,13.40495,No,
66,Ghana,Accra,-19,560,5.60372,-0.18696,No,
67,Greece,Athens,2373,3798,37.98381,23.72754,No,
68,Grenada,St. George's,-6175,1205,12.05355,-61.75035,No,
69,Guatemala,Guatemala City,-9051,1463,14.63491,-90.50688,No,
70,Guinea,Conakry,-1358,964,9.64119,-13.5784,No,
71,Guinea-Bissau,Bissau,-1558,1186,11.86322,-15.58432,No,
72,Guyana,Georgetown,-5816,680,6.80128,-58.15513,No,
73,Haiti,Port-au-Prince,-7231,1859,18.5944,-72.30743,No,
74,Honduras,Tegucigalpa,-8719,1407,14.07228,-87.19214,No,
75,Hungary,Budapest,1904,4750,47.49791,19.04024,No,
76,Iceland,Reykjavík,-2194,6415,64.14658,-21.94264,No,
77,India,New Delhi,7721,2861,28.61394,77.20902,No,
78,Indonesia,Jakarta,10683,-618,-6.1805,106.82834,No,
79,Iran,Tehran,5139,3569,35.6892,51.38897,No,
80,Iraq,Baghdad,4437,3332,33.31524,44.36607,No,
81,Ireland,Dublin,-626,5335,53.34981,-6.26031,No,
82,Israel,Jerusalem,3521,3177,31.76832,35.21371,No,
83,Italy,Rome,1250,4190,41.90278,12.49637,No,
84,Jamaica,Kingston,-7681,1802,18.01787,-76.8099,No,
85,Japan,Tokyo,13969,3569,35.68949,139.69171,No,
86,Jordan,Amman,3593,3195,31.94537,35.92837,No,
87,Kazakhstan,Astana,7147,5116,51.16052,71.47036,No,
88,Kenya,Nairobi,3682,-129,-1.29207,36.82195,No,
89,Kiribati,South Tarawa,17300,143,1.43333,173,No,
90,Kuwait,Kuwait City,4798,2938,29.37586,47.97741,No,
91,Kyrgyzstan,Bishkek,7457,4287,42.87462,74.56976,No,
92,Lao People's Democratic Republic,Vientiane,10263,1798,17.97571,102.6331,No,
93,Latvia,Riga,2411,5695,56.94965,24.10519,No,
94,Lebanon,Beirut,3550,3389,33.89379,35.50178,No,
95,Lesotho,Maseru,2749,-2932,-29.31508,27.48692,No,
96,Liberia,Monrovia,-1081,632,6.31561,-10.80737,No,
97,Libya,Tripoli,1319,3289,32.88721,13.19134,No,
98,Liechtenstein,Vaduz,952,4714,47.14103,9.52093,No,
99,Lithuania,Vilnius,2528,5469,54.68716,25.27965,No,
100,Luxembourg,Luxembourg,613,4961,49.61162,6.13193,No,
101,Madagascar,Antananarivo,4751,-1888,-18.87919,47.50791,No,
102,Malawi,Lilongwe,3377,-1396,-13.96261,33.77412,No,
103,Malaysia,Kuala Lumpur,10169,314,3.139,101.68686,No,
104,Maldives,Malé,7351,418,4.1755,73.50935,No,
105,Mali,Bamako,-800,1264,12.63923,-8.00289,No,
106,Malta,Valletta,1451,3590,35.89891,14.51455,No,
107,Marshall Islands,Majuro,17119,712,7.11642,171.18577,No,
108,Mauritania,Nouakchott,-1596,1807,18.07353,-15.95824,No,
109,Mauritius,Port Louis,5750,-2016,-20.16089,57.50122,No,
110,Mexico,Mexico City,-9913,1943,19.43261,-99.13321,No,
111,Micronesia (Federated States of),Palikir,15816,691,6.91471,158.16103,No,
112,Monaco,Monaco,742,4374,43.73842,7.42462,No,
113,Mongolia,Ulan Bator,10691,4789,47.8864,106.90574,No,
114,Montenegro,Podgorica,1926,4243,42.43042,19.25936,No,
115,Morocco,Rabat,-685,3397,33.97159,-6.84981,No,
116,Mozambique,Maputo,3257,-2597,-25.96925,32.57317,No,
117,Myanmar,Naypyidaw,9608,1976,19.76331,96.07851,No,
118,Namibia,Windhoek,1707,-2256,-22.56088,17.06575,No,
119,Nauru,Yaren,16692,-55,-0.54669,166.92109,No,
120,Nepal,Kathmandu,8532,2772,27.71725,85.32396,No,
121,Netherlands,Amsterdam,490,5237,52.36798,4.90356,No,
122,New Zealand,Wellington,17478,-4129,-41.28646,174.77624,No,
123,Nicaragua,Managua,-8624,1211,12.11499,-86.23617,No,
124,Niger,Niamey,213,1351,13.5116,2.12539,No,
125,Nigeria,Abuja,740,908,9.07648,7.39857,No,
126,Norway,Oslo,1075,5991,59.91387,10.75225,No,
127,Oman,Muscat,5841,2359,23.58589,58.40592,No,
128,Pakistan,Islamabad,7305,3368,33.68442,73.04788,No,
129,Palau,Ngerulmud,13462,750,7.50038,134.62429,No,
130,Palestine,Ramallah,3523,3195,31.95216,35.23315,No,
131,Panama,Panama City,-7952,898,8.98238,-79.51987,No,
132,Papua New Guinea,Port Moresby,14718,-944,-9.4438,147.18027,No,
133,Paraguay,Asunción,-5758,-2526,-25.26374,-57.57593,No,
134,Peru,Lima,-7704,-1205,-12.04637,-77.04275,No,
135,Philippines,Manila,12098,1460,14.59951,120.98422,No,
136,Poland,Warsaw,2101,5223,52.22968,21.01223,No,
137,Portugal,Lisbon,-914,3872,38.72225,-9.13934,No,
138,Qatar,Doha,5153,2529,25.28545,51.53104,No,
139,Republic of Korea,Seoul,12698,3757,37.56654,126.97797,No,
140,Republic of Moldova,Chișinău,2886,4701,47.01045,28.86381,No,
141,Romania,Bucharest,2610,4443,44.42677,26.10254,No,
142,Russian Federation,Moscow,3762,5576,55.75583,37.6173,No,
143,Rwanda,Kigali,3010,-197,-1.97058,30.10443,No,
144,Saint Kitts and Nevis,Basseterre,-6272,1730,17.30261,-62.71769,No,
145,Saint Lucia,Castries,-6099,1401,14.01011,-60.98747,No,
146,Saint Vincent and the Grenadines,Kingstown,-6122,1316,13.16002,-61.22482,No,
147,Samoa,Apia,-17175,-1385,-13.8507,-171.75136,No,
148,San Marino,City of San Marino,1245,4394,43.9361,12.4467,Yes,"lat, lon, x, y"
149,Sao Tome and Principe,São Tomé,673,33,0.33019,6.73334,No,
150,Saudi Arabia,Riyadh,4668,2471,24.71355,46.6753,No,
151,Senegal,Dakar,-1747,1472,14.71668,-17.46769,No,
152,Serbia,Belgrade,2045,4479,44.78657,20.44892,No,
153,Seychelles,Victoria,5545,-462,-4.61914,55.45131,No,
154,Sierra Leone,Freetown,-1323,847,8.46568,-13.23172,No,
155,Singapore,Singapore,10382,135,1.35208,103.81984,No,
156,Slovakia,Bratislava,1711,4815,48.1486,17.10775,No,
157,Slovenia,Ljubljana,1451,4606,46.05695,14.50575,No,
158,Solomon Islands,Honiara,15997,-945,-9.44564,159.9729,No,
159,Somalia,Mogadishu,4532,205,2.04693,45.31816,No,
160,South Africa,Pretoria,2823,-2575,-25.74787,28.22927,No,
161,South Sudan,Juba,3157,486,4.85936,31.57125,No,
162,Spain,Madrid,-370,4042,40.41678,-3.70379,No,
163,Sri Lanka,Sri Jayawardenepura Kotte,7992,689,6.8868,79.9187,Yes,"city, lat, lon, x, y"
164,Sudan,Khartoum,3256,1550,15.50065,32.5599,No,
165,Suriname,Paramaribo,-5520,585,5.85204,-55.20383,No,
166,Eswatini,Mbabane,3114,-2631,-26.3054,31.1367,Yes,"nation, city, lat, lon, x, y"
167,Sweden,Stockholm,1807,5933,59.32932,18.06858,No,
168,Switzerland,Bern,745,4695,46.94797,7.44745,No,
169,Syria,Damascus,3900,3480,34.80207,38.99682,No,
170,Tajikistan,Dushanbe,6879,3856,38.55977,68.78704,No,
171,Thailand,Bangkok,10050,1376,13.75633,100.50177,No,
172,North Macedonia,Skopje,2175,4161,41.60864,21.74528,Yes,nation
173,Timor Leste,Dili,12573,-887,-8.87422,125.72754,No,
174,Togo,Lomé,123,613,6.12563,1.22542,No,
175,Tonga,Nuku'alofa,-17521,-2114,-21.13807,-175.21168,No,
176,Trinidad and Tobago,Port of Spain,-6150,1065,10.6549,-61.50193,No,
177,Tunisia,Tunis,1018,3681,36.80649,10.18153,No,
178,Turkey,Ankara,3286,3993,39.93336,32.85974,No,
179,Turkmenistan,Ashgabat,5833,3796,37.96008,58.32606,No,
180,Tuvalu,Funafuti,17920,-852,-8.52115,179.19619,No,
181,Uganda,Kampala,3258,35,0.3476,32.58252,No,
182,Ukraine,Kyiv,3052,5045,50.4501,30.5234,Yes,city
183,United Arab Emirates,Abu Dhabi,5438,2445,24.45388,54.37734,No,
184,United Kingdom,London,-13,5151,51.5074,-0.1278,Yes,"lat, lon, x, y"
185,United Republic of Tanzania,Dodoma,3489,-637,-6.36903,34.88882,Yes,nation
186,United States,"Washington, D.C.",-7704,3891,38.90719,-77.03687,No,
187,Uruguay,Montevideo,-5616,-3490,-34.90111,-56.16453,No,
188,Uzbekistan,Tashkent,6924,4130,41.2995,69.24007,No,
189,Vanuatu,Port Vila,16833,-1773,-17.73325,168.32732,No,
190,Vatican City,Vatican City,1245,4190,41.9029,12.4534,Yes,"city, lat, lon"
191,Venezuela,Caracas,-6690,1048,10.4806,-66.9036,Yes,"lat, lon, x, y"
192,Viet Nam,Hanoi,10583,2103,21.02776,105.83416,No,
193,Yemen,Sana'a,4420,1537,15.37237,44.19822,No,
194,Zambia,Lusaka,2832,-1539,-15.38753,28.32282,No,
195,Zimbabwe,Harare,3103,-1783,-17.82517,31.03351,No,
